method,seed,level,n_dof,l2_error,wall_time_seconds,n_cache_misses,n_cache_hits,n_apply_actions
uniform,-1,0,297,0.00827296906606,0.0648314,1,0,0
uniform,-1,1,1105,0.00330230177999,0.129663,2,0,1
dorfler_theta0.1,-1,0,297,0.00827296906606,0.0466752,1,0,0
dorfler_theta0.1,-1,1,301,0.00609773317354,0.0933503,2,0,1
dorfler_theta0.1,-1,2,304,0.00520004236765,0.140025,3,0,2
dorfler_theta0.1,-1,3,308,0.00453663015531,0.186701,4,0,3
dorfler_theta0.1,-1,4,311,0.00424063693819,0.233376,5,0,4
dorfler_theta0.1,-1,5,315,0.00402078438777,0.280051,6,0,5
dorfler_theta0.1,-1,6,318,0.00391707915388,0.326726,7,0,6
dorfler_theta0.1,-1,7,322,0.00355591675124,0.373401,8,0,7
dorfler_theta0.1,-1,8,325,0.00341331781763,0.420076,9,0,8
dorfler_theta0.1,-1,9,328,0.00330352013356,0.466752,10,0,9
dorfler_theta0.1,-1,10,332,0.00321615597806,0.513427,11,0,10
dorfler_theta0.1,-1,11,335,0.00317600469168,0.560102,12,0,11
dorfler_theta0.1,-1,12,338,0.00305470722496,0.606777,13,0,12
dorfler_theta0.1,-1,13,345,0.00295468864266,0.653452,14,0,13
dorfler_theta0.1,-1,14,352,0.00284976433416,0.700127,15,0,14
dorfler_theta0.1,-1,15,359,0.0028022165635,0.746803,16,0,15
dorfler_theta0.1,-1,16,366,0.00263770205254,0.793478,17,0,16
dorfler_theta0.1,-1,17,373,0.00232956952794,0.840153,18,0,17
dorfler_theta0.1,-1,18,379,0.00225690140559,0.886828,19,0,18
dorfler_theta0.1,-1,19,385,0.00219653673296,0.933503,20,0,19
dorfler_theta0.1,-1,20,395,0.00215945290238,0.980178,21,0,20
dorfler_theta0.1,-1,21,398,0.00215362512074,1.02685,22,0,21
dorfler_theta0.1,-1,22,408,0.00205658903146,1.07353,23,0,22
dorfler_theta0.1,-1,23,424,0.00182357000294,1.1202,24,0,23
dorfler_theta0.1,-1,24,438,0.00174931418678,1.16688,25,0,24
dorfler_theta0.1,-1,25,450,0.001695972013,1.21355,26,0,25
dorfler_theta0.1,-1,26,463,0.00167208314438,1.26023,27,0,26
dorfler_theta0.1,-1,27,478,0.00161350284994,1.3069,28,0,27
dorfler_theta0.1,-1,28,507,0.00150389214961,1.35358,29,0,28
dorfler_theta0.1,-1,29,534,0.00139394014787,1.40025,30,0,29
dorfler_theta0.1,-1,30,565,0.00122701744342,1.44693,31,0,30
dorfler_theta0.1,-1,31,590,0.00114498226612,1.49361,32,0,31
dorfler_theta0.1,-1,32,622,0.00103463951702,1.54028,33,0,32
dorfler_theta0.1,-1,33,646,0.00100870275362,1.58696,34,0,33
dorfler_theta0.1,-1,34,685,0.000902854421529,1.63363,35,0,34
dorfler_theta0.1,-1,35,736,0.000844449048831,1.68031,36,0,35
dorfler_theta0.1,-1,36,788,0.000775195994133,1.72698,37,0,36
dorfler_theta0.1,-1,37,841,0.000723516999415,1.77366,38,0,37
dorfler_theta0.1,-1,38,896,0.00068116665548,1.82033,39,0,38
dorfler_theta0.1,-1,39,955,0.000602496868698,1.86701,40,0,39
dorfler_theta0.1,-1,40,1020,0.00055393095365,1.91368,41,0,40
dorfler_theta0.3,-1,0,297,0.00827296906606,0.0436723,1,0,0
dorfler_theta0.3,-1,1,301,0.00609773317354,0.0873446,2,0,1
dorfler_theta0.3,-1,2,304,0.00520004236765,0.131017,3,0,2
dorfler_theta0.3,-1,3,308,0.00453663015531,0.174689,4,0,3
dorfler_theta0.3,-1,4,311,0.00424063693819,0.218361,5,0,4
dorfler_theta0.3,-1,5,318,0.00391707915388,0.262034,6,0,5
dorfler_theta0.3,-1,6,329,0.00336506300265,0.305706,7,0,6
dorfler_theta0.3,-1,7,335,0.00317600469168,0.349378,8,0,7
dorfler_theta0.3,-1,8,341,0.00301569138197,0.393051,9,0,8
dorfler_theta0.3,-1,9,359,0.00265508499407,0.436723,10,0,9
dorfler_theta0.3,-1,10,373,0.00232956952794,0.480395,11,0,10
dorfler_theta0.3,-1,11,391,0.00217160003429,0.524067,12,0,11
dorfler_theta0.3,-1,12,428,0.00181334412288,0.56774,13,0,12
dorfler_theta0.3,-1,13,479,0.00162556340626,0.611412,14,0,13
dorfler_theta0.3,-1,14,551,0.00133578533024,0.655084,15,0,14
dorfler_theta0.3,-1,15,629,0.00100423000574,0.698756,16,0,15
dorfler_theta0.3,-1,16,737,0.000844210580692,0.742429,17,0,16
dorfler_theta0.3,-1,17,880,0.000673081484332,0.786101,18,0,17
dorfler_theta0.3,-1,18,1055,0.000536533218026,0.829773,19,0,18
dorfler_theta0.5,-1,0,297,0.00827296906606,0.0504808,1,0,0
dorfler_theta0.5,-1,1,304,0.00520004236765,0.100962,2,0,1
dorfler_theta0.5,-1,2,311,0.00424063693819,0.151442,3,0,2
dorfler_theta0.5,-1,3,318,0.00391707915388,0.201923,4,0,3
dorfler_theta0.5,-1,4,335,0.00320632047438,0.252404,5,0,4
dorfler_theta0.5,-1,5,348,0.00291611282754,0.302885,6,0,5
dorfler_theta0.5,-1,6,377,0.00224493648693,0.353366,7,0,6
dorfler_theta0.5,-1,7,422,0.00193791937724,0.403847,8,0,7
dorfler_theta0.5,-1,8,496,0.00149831148723,0.454327,9,0,8
dorfler_theta0.5,-1,9,650,0.00103795794479,0.504808,10,0,9
dorfler_theta0.5,-1,10,903,0.000686671798879,0.555289,11,0,10
dorfler_theta0.5,-1,11,1264,0.000477138806514,0.60577,12,0,11
greedy,-1,0,297,0.00827296906606,1.1437e-05,1,0,0
greedy,-1,1,301,0.00609773317354,0.037222,2,0,1
greedy,-1,2,304,0.00520004236765,0.0720519,3,0,2
greedy,-1,3,308,0.00453663015531,0.10304,4,0,3
greedy,-1,4,311,0.00424063693819,0.134586,5,0,4
greedy,-1,5,315,0.00402078438777,0.168411,6,0,5
greedy,-1,6,318,0.00391707915388,0.200159,7,0,6
greedy,-1,7,322,0.00355591675124,0.231401,8,0,7
greedy,-1,8,325,0.00341331781763,0.266383,9,0,8
greedy,-1,9,328,0.00330352013356,0.298254,10,0,9
greedy,-1,10,332,0.00321615597806,0.330393,11,0,10
greedy,-1,11,335,0.00317600469168,0.363012,12,0,11
greedy,-1,12,338,0.00305470722496,0.396893,13,0,12
greedy,-1,13,342,0.00298489374171,0.431132,14,0,13
greedy,-1,14,345,0.00294615038731,0.465707,15,0,14
greedy,-1,15,349,0.0029136510296,0.500763,16,0,15
greedy,-1,16,352,0.00289805729021,0.535277,17,0,16
greedy,-1,17,356,0.00278841673359,0.569625,18,0,17
greedy,-1,18,359,0.00273655610699,0.603973,19,0,18
greedy,-1,19,363,0.00250708056267,0.638892,20,0,19
greedy,-1,20,366,0.00247621296706,0.673886,21,0,20
greedy,-1,21,369,0.00238296253973,0.710123,22,0,21
greedy,-1,22,373,0.00232956952794,0.744778,23,0,22
greedy,-1,23,376,0.00229464982116,0.781815,24,0,23
greedy,-1,24,379,0.00226714278722,0.819024,25,0,24
greedy,-1,25,382,0.00223374247563,0.855421,26,0,25
greedy,-1,26,385,0.00219653673296,0.892937,27,0,26
greedy,-1,27,388,0.00218461184067,0.929819,28,0,27
greedy,-1,28,391,0.00217160003429,0.966881,29,0,28
greedy,-1,29,395,0.00215945290238,1.00554,30,0,29
greedy,-1,30,398,0.00215362512074,1.04405,31,0,30
mcts_primary,42,0,297,0.00827296906606,8.133e-06,1,0,0
mcts_primary,42,1,301,0.00609773317354,2.86777,65,233,1
mcts_primary,42,2,304,0.00520004236765,5.50196,129,456,2
mcts_primary,42,3,308,0.00453663015531,8.37394,193,689,3
mcts_primary,42,4,311,0.00424063693819,11.1977,257,923,4
mcts_primary,42,5,315,0.00402078438777,13.9904,321,1157,5
mcts_primary,42,6,318,0.00391707915388,16.7642,385,1391,6
mcts_primary,42,7,322,0.00355591675124,19.7063,449,1625,7
mcts_primary,42,8,325,0.00341331781763,22.7431,513,1859,8
mcts_primary,42,9,328,0.00330352013356,25.7594,577,2093,9
mcts_primary,42,10,332,0.00321615597806,28.717,641,2327,10
mcts_primary,42,11,335,0.00317600469168,31.72,705,2561,11
mcts_primary,42,12,338,0.00305470722496,34.946,769,2795,12
mcts_primary,42,13,342,0.00298489374171,37.8951,833,3029,13
mcts_primary,42,14,345,0.00294615038731,41.0256,897,3263,14
mcts_primary,42,15,349,0.0029136510296,44.2155,961,3497,15
mcts_primary,42,16,352,0.00289805729021,47.3617,1025,3731,16
mcts_primary,42,17,356,0.00278841673359,50.5599,1089,3965,17
mcts_primary,42,18,359,0.00273655610699,53.6054,1153,4199,18
mcts_primary,42,19,363,0.00250708056267,56.6269,1217,4433,19
mcts_primary,42,20,366,0.00247621296706,59.7314,1281,4667,20
mcts_primary,42,21,369,0.00238296253973,62.8761,1345,4901,21
mcts_primary,42,22,373,0.00232956952794,65.658,1401,5155,22
mcts_primary,42,23,376,0.00229464982116,68.4673,1455,5396,23
mcts_primary,42,24,379,0.00226714278722,71.1147,1506,5627,24
mcts_primary,42,25,382,0.00223374247563,73.6335,1554,5845,25
mcts_primary,42,26,385,0.00219653673296,75.9902,1599,6047,26
mcts_primary,42,27,388,0.00218461184067,78.1539,1637,6230,27
mcts_primary,42,28,391,0.00217160003429,79.6158,1661,6387,28
mcts_primary,42,29,395,0.00215945290238,80.4069,1673,6504,29
mcts_primary,42,30,398,0.00215362512074,80.5928,1673,6569,30
mcts_robust,42,0,297,0.00827296906606,8.075e-06,1,0,0
mcts_robust,42,1,301,0.00604173969158,2.83725,65,253,1
mcts_robust,42,2,307,0.00454079095029,5.74396,129,566,2
mcts_robust,42,3,314,0.00401805311149,8.75609,193,819,3
mcts_robust,42,4,317,0.00391900832534,11.7467,257,1093,4
mcts_robust,42,5,326,0.00374247689939,14.8546,321,1346,5
mcts_robust,42,6,330,0.00333188581683,17.9156,385,1603,6
mcts_robust,42,7,334,0.00324668322322,21.1642,449,1884,7
mcts_robust,42,8,339,0.00320425924488,24.2363,513,2131,8
mcts_robust,42,9,343,0.00317203871192,27.6027,577,2387,9
mcts_robust,42,10,352,0.00311691640651,30.7153,641,2650,10
mcts_robust,42,11,355,0.00299815167398,34.1076,705,2911,11
mcts_robust,42,12,358,0.00287820842053,37.3347,769,3172,12
mcts_robust,42,13,361,0.00283989712727,40.6494,833,3432,13
mcts_robust,42,14,365,0.00272882559475,43.9864,897,3694,14
mcts_robust,42,15,368,0.0026763731443,47.5326,961,3971,15
mcts_robust,42,16,373,0.00240100738928,50.8669,1025,4217,16
mcts_robust,42,17,376,0.00236374366016,54.3073,1089,4496,17
mcts_robust,42,18,379,0.00232788264143,57.6428,1153,4749,18
mcts_robust,42,19,382,0.00223666759183,60.9866,1217,5007,19
mcts_robust,42,20,385,0.00219674961579,64.7744,1281,5269,20
mcts_robust,42,21,390,0.00217479422469,68.2825,1337,5559,21
mcts_robust,42,22,394,0.00217180170266,71.6495,1391,5838,22
mcts_robust,42,23,397,0.00215884406007,75.2554,1450,6078,23
mcts_robust,42,24,401,0.0021172669352,77.8605,1491,6353,24
mcts_robust,42,25,405,0.00205936049642,80.5273,1539,6578,25
mcts_robust,42,26,408,0.0020384902489,82.9055,1577,6798,26
mcts_robust,42,27,411,0.00202224298281,85.024,1609,6989,27
mcts_robust,42,28,416,0.00198035623763,86.6766,1633,7146,28
mcts_robust,42,29,419,0.00194192219559,87.5368,1644,7264,29
mcts_robust,42,30,422,0.00193108053309,87.7615,1644,7329,30
mcts_robust,1051,0,297,0.00827296906606,9.085e-06,1,0,0
mcts_robust,1051,1,301,0.00609773317354,2.84018,65,240,1
mcts_robust,1051,2,307,0.00468829682286,6.19797,129,553,2
mcts_robust,1051,3,314,0.00433037472724,9.38218,193,812,3
mcts_robust,1051,4,321,0.00414451829799,12.4437,257,1067,4
mcts_robust,1051,5,325,0.00379902263585,15.4429,321,1333,5
mcts_robust,1051,6,328,0.00366214610968,18.538,385,1588,6
mcts_robust,1051,7,331,0.00335387130091,21.5757,449,1863,7
mcts_robust,1051,8,335,0.00310695149265,24.7067,513,2123,8
mcts_robust,1051,9,340,0.00295056573445,27.8281,577,2376,9
mcts_robust,1051,10,344,0.00274207421598,31.3032,641,2635,10
mcts_robust,1051,11,347,0.00263416088457,34.8532,705,2895,11
mcts_robust,1051,12,351,0.00261314737314,38.352,769,3160,12
mcts_robust,1051,13,359,0.00257353250185,41.714,833,3430,13
mcts_robust,1051,14,363,0.00245692562426,45.1131,897,3696,14
mcts_robust,1051,15,366,0.0024022720472,48.5544,961,3949,15
mcts_robust,1051,16,370,0.00236787278842,52.2269,1025,4208,16
mcts_robust,1051,17,373,0.00233348829963,55.7337,1089,4469,17
mcts_robust,1051,18,379,0.00225642068571,59.4664,1153,4729,18
mcts_robust,1051,19,384,0.00221172692343,62.9818,1217,4994,19
mcts_robust,1051,20,388,0.00217095026992,66.6943,1281,5252,20
mcts_robust,1051,21,391,0.00213237471011,70.0976,1337,5550,21
mcts_robust,1051,22,401,0.00209652145051,73.4481,1391,5816,22
mcts_robust,1051,23,407,0.00209193977225,76.5769,1442,6071,23
mcts_robust,1051,24,410,0.00207493232102,79.6534,1490,6317,24
mcts_robust,1051,25,414,0.00199094188762,82.3927,1535,6547,25
mcts_robust,1051,26,417,0.00198565598018,85.0153,1577,6758,26
mcts_robust,1051,27,420,0.00196465897346,87.2267,1611,6951,27
mcts_robust,1051,28,424,0.00189283128503,89.0333,1637,7108,28
mcts_robust,1051,29,429,0.0018679620501,89.7701,1645,7229,29
mcts_robust,1051,30,436,0.00180298186485,89.9753,1645,7294,30
mcts_robust,2060,0,297,0.00827296906606,6.598e-06,1,0,0
mcts_robust,2060,1,301,0.00604173969158,2.74862,65,243,1
mcts_robust,2060,2,310,0.00440604728671,5.74237,129,555,2
mcts_robust,2060,3,315,0.00416490129012,8.65774,193,814,3
mcts_robust,2060,4,323,0.00388451869939,11.8319,257,1069,4
mcts_robust,2060,5,331,0.00355426446211,15.0335,321,1330,5
mcts_robust,2060,6,340,0.00338830320807,18.1541,385,1590,6
mcts_robust,2060,7,349,0.00322011966819,21.6666,449,1852,7
mcts_robust,2060,8,355,0.0031955999634,24.9721,513,2125,8
mcts_robust,2060,9,359,0.00277508583564,28.3659,577,2383,9
mcts_robust,2060,10,363,0.00269621242426,31.8757,641,2637,10
mcts_robust,2060,11,369,0.00266560057498,35.35,705,2893,11
mcts_robust,2060,12,375,0.00238990930801,39.1331,769,3155,12
mcts_robust,2060,13,381,0.00235508193257,42.6571,833,3417,13
mcts_robust,2060,14,384,0.00232070538486,46.0822,897,3679,14
mcts_robust,2060,15,387,0.00228358510327,49.5023,961,3948,15
mcts_robust,2060,16,392,0.00223316793575,52.9705,1025,4203,16
mcts_robust,2060,17,397,0.00222124946963,56.933,1089,4463,17
mcts_robust,2060,18,403,0.00221705918733,60.6694,1153,4725,18
mcts_robust,2060,19,410,0.00212692087786,64.296,1217,5006,19
mcts_robust,2060,20,413,0.00211166469591,67.8367,1277,5290,20
mcts_robust,2060,21,418,0.00195492387798,71.5128,1336,5556,21
mcts_robust,2060,22,421,0.00193750785351,75.1028,1388,5832,22
mcts_robust,2060,23,425,0.00192644042165,78.4896,1439,6085,23
mcts_robust,2060,24,429,0.00191418458504,81.5171,1487,6331,24
mcts_robust,2060,25,432,0.00188033880296,84.3546,1532,6561,25
mcts_robust,2060,26,437,0.00184025388332,87.0017,1574,6772,26
mcts_robust,2060,27,440,0.00182377443581,89.5613,1610,6961,27
mcts_robust,2060,28,445,0.00178691694042,91.402,1634,7122,28
mcts_robust,2060,29,448,0.00177148279202,92.2299,1642,7243,29
mcts_robust,2060,30,453,0.0017668977625,92.5692,1642,7308,30
mcts_robust,3069,0,297,0.00827296906606,6.952e-06,1,0,0
mcts_robust,3069,1,301,0.00609773317354,3.16695,65,253,1
mcts_robust,3069,2,304,0.00520004236765,6.10358,129,566,2
mcts_robust,3069,3,311,0.00439719270054,9.26038,193,819,3
mcts_robust,3069,4,314,0.00410432795383,12.5681,257,1075,4
mcts_robust,3069,5,323,0.00373099159512,15.5252,321,1337,5
mcts_robust,3069,6,332,0.00357403662907,18.6935,385,1599,6
mcts_robust,3069,7,336,0.00318916070552,22.1742,449,1861,7
mcts_robust,3069,8,345,0.00302046172252,25.5804,513,2123,8
mcts_robust,3069,9,351,0.00292836974429,28.759,577,2385,9
mcts_robust,3069,10,356,0.00277790735658,32.1804,641,2647,10
mcts_robust,3069,11,363,0.00272342835246,35.5393,705,2909,11
mcts_robust,3069,12,369,0.00246315451811,39.0479,769,3172,12
mcts_robust,3069,13,374,0.00241669681457,42.6165,833,3433,13
mcts_robust,3069,14,381,0.00239275585966,46.1911,897,3703,14
mcts_robust,3069,15,388,0.00237552630841,49.8369,961,3979,15
mcts_robust,3069,16,392,0.00231778398426,53.6239,1025,4238,16
mcts_robust,3069,17,395,0.00227648866477,57.1668,1089,4485,17
mcts_robust,3069,18,398,0.00223912860212,60.9591,1153,4749,18
mcts_robust,3069,19,403,0.00222055047872,64.7286,1217,5006,19
mcts_robust,3069,20,409,0.0022158985214,68.4006,1280,5284,20
mcts_robust,3069,21,412,0.00218082078751,71.8685,1334,5577,21
mcts_robust,3069,22,416,0.00217821313466,74.9996,1388,5840,22
mcts_robust,3069,23,421,0.00210113202405,78.3234,1444,6099,23
mcts_robust,3069,24,425,0.00197147180599,81.3691,1487,6363,24
mcts_robust,3069,25,428,0.00195446170073,84.1536,1532,6590,25
mcts_robust,3069,26,431,0.00193569844227,86.9633,1573,6805,26
mcts_robust,3069,27,440,0.00190119406188,89.0407,1606,6994,27
mcts_robust,3069,28,443,0.00188812838293,90.6102,1630,7151,28
mcts_robust,3069,29,450,0.00182060176098,91.6054,1641,7269,29
mcts_robust,3069,30,453,0.0017824659333,91.8493,1641,7334,30
mcts_robust,4078,0,297,0.00827296906606,6.407e-06,1,0,0
mcts_robust,4078,1,302,0.00601288067762,2.82565,65,248,1
mcts_robust,4078,2,310,0.00442571485011,6.00622,129,558,2
mcts_robust,4078,3,317,0.00426226371202,9.04671,193,817,3
mcts_robust,4078,4,326,0.00365710311446,12.1121,257,1072,4
mcts_robust,4078,5,335,0.00349566268927,15.206,321,1332,5
mcts_robust,4078,6,339,0.00306785312031,18.4245,385,1609,6
mcts_robust,4078,7,342,0.00294286223214,21.8728,449,1860,7
mcts_robust,4078,8,352,0.00279762155174,25.6318,513,2116,8
mcts_robust,4078,9,355,0.00267046105565,29.1677,577,2378,9
mcts_robust,4078,10,362,0.00257627461237,32.8214,641,2640,10
mcts_robust,4078,11,367,0.00254640546857,36.2655,705,2908,11
mcts_robust,4078,12,371,0.00241794605379,39.7669,769,3174,12
mcts_robust,4078,13,374,0.00237339379291,43.3946,833,3427,13
mcts_robust,4078,14,380,0.00233809634887,46.8239,897,3685,14
mcts_robust,4078,15,383,0.00230297209599,50.3022,961,3947,15
mcts_robust,4078,16,388,0.00225410234325,54.0128,1025,4212,16
mcts_robust,4078,17,397,0.00222336075232,57.7452,1089,4474,17
mcts_robust,4078,18,405,0.00221389110232,61.5988,1153,4730,18
mcts_robust,4078,19,408,0.00217696392415,65.2729,1217,4992,19
mcts_robust,4078,20,412,0.00213311043056,69.0857,1281,5267,20
mcts_robust,4078,21,417,0.00197781448739,72.4697,1335,5596,21
mcts_robust,4078,22,424,0.00196921321464,76.053,1396,5840,22
mcts_robust,4078,23,428,0.00189418915099,79.2561,1443,6120,23
mcts_robust,4078,24,431,0.0018614112372,82.3639,1487,6379,24
mcts_robust,4078,25,434,0.00184260127394,85.3439,1532,6605,25
mcts_robust,4078,26,437,0.00182977805634,87.9733,1574,6816,26
mcts_robust,4078,27,440,0.00181310719369,90.1095,1606,7013,27
mcts_robust,4078,28,443,0.00179778339687,91.6877,1630,7170,28
mcts_robust,4078,29,448,0.00176108356022,92.6825,1642,7287,29
mcts_robust,4078,30,455,0.00169441121033,92.9032,1642,7352,30
